"dashboard_key","dashboard_value"
"mysql.database.system.user","mysql"
"mysql.database.system.password","mysql"
"mysql.database.server","localhost"
"mysql.database.port","3306"
"mysql.database.name","genericdb"
"mysql.database.user","genericuser"
"mysql.database.password","password"
"mysql.database.url","jdbc:mysql://${mysql.database.server}:${mysql.database.port}/${mysql.database.name}"
"mysql.database.system.url","jdbc:mysql://${mysql.database.server}:${mysql.database.port}/"
"postgresql.database.system.user","postgresadmin"
"postgresql.database.system.password","password"
"postgresql.database.server","localhost"
"postgresql.database.port","5432"
"postgresql.database.name","genericdb"
"postgresql.database.user","genericuser"
"postgresql.database.password","password"
"postgresql.database.url","jdbc:postgresql://${postgresql.database.server}:${postgresql.database.port}/${postgresql.database.name}"
"postgresql.database.system.url","jdbc:postgresql://${postgresql.database.server}:${postgresql.database.port}/template1"
"oracle.database.system.user","root"
"oracle.database.system.password","oracle"
"oracle.database.server","localhost"
"oracle.database.port","1553"
"oracle.database.name","genericdb"
"oracle.database.user","genericuser"
"oracle.database.password","password"
"oracle.database.url","jdbc:oracle:thin:@${oracle.database.server}:${oracle.database.port}/${oracle.database.name}"
"oracle.database.system.url","jdbc:oracle:thin:@${oracle.database.server}:${oracle.database.port}"
"mysql.minimum.version","5.0.27"
"postgresql.minimum.version","8.0.20"
"force.reinstall","true"
"ant.minimum.version","1.7.0"
"java.major.version","1.5"
"java.minor.version","1.5.0_10"
"bda.version","1.5.18"
"ci.server.name","http://cbvapp-c1006.nci.nih.gov:48080/hudson/job"
"petstore.database.type","mysql"
"petstore.svn.username","narram"
"petstore.svn.project.url","http://gforge.nci.nih.gov/svnroot/bda-petstore"
"petstore.svn.local.checkout","working/bda_certification"
"petstore.master.build.location","${petstore.svn.local.checkout}/trunk/software/build"
"petstore.master.install.location","working/installer"
"petstore.single-command.build.target","build:all"
"petstore.single-command.package.target","dist:installer:prep"
"petstore.database.integration.target","install:database"
"petstore.master.build.file","build.xml"
"petstore.exploded.dir.location","${petstore.svn.local.checkout}/trunk/software/target/dist/exploded"
"petstore.svn.private.url","http://gforge.nci.nih.gov/svnroot/scm-private/trunk/projects/petstore/properties"
"petstore.local.private.checkout","working/scm_private"
"petstore.ci-server.url","http://cbvapp-c1007.nci.nih.gov:48080"
"petstore.ci-server.jobname","bda-blueprints-ci"
"petstore.single-command.deployment.target","install"
"petstore.single-command.distribution.target","dist"
"petstore.install.init.target","common:init"
"petstore.build:database-integration.macro.list","database-install"
"petstore.remote-upgrade.target","deploy:remote:upgrade:ahp"
"petstore.override.remote.properties","ssh.server.username=hudsonuser,ssh.server.hostname=cbvapp-c1006.nci.nih.gov,ssh.port=22,ssh.key.file=/usr/local/hudsonuser/ssh-pub-key/id_dsa_bda,ssh.dir.temp=/usr/local/hudsonuser/buildcertification/build/working/remote-deploy"
"petstore.single-command.package.upgrader.target","dist:upgrader"
"petstore.override.properties",""
"caarray.database.type","mysql"
"caarray.svn.username","narram"
"caarray.svn.project.url","http://gforge.nci.nih.gov/svnroot/caarray2/trunk"
"caarray.svn.local.checkout","working/bda_certification"
"caarray.master.build.location","${caarray.svn.local.checkout}/software/master_build"
"caarray.master.install.location","working/installer/caarray_install_2_4_0"
"caarray.single-command.build.target","build:all"
"caarray.single-command.package.target","dist:installer:prep"
"caarray.database.integration.target","install:database"
"caarray.master.build.file","build.xml"
"caarray.exploded.dir.location","${caarray.svn.local.checkout}/software/target/dist/exploded"
"caarray.svn.private.url","http://gforge.nci.nih.gov/svnroot/scm-private/trunk/caarray2/properties"
"caarray.local.private.checkout","working/scm_private"
"caarray.ci-server.url","http://cbvapp-c1003.nci.nih.gov:48080"
"caarray.ci-server.jobname","caarray2-ci"
"caarray.single-command.deployment.target","install"
"caarray.single-command.distribution.target","dist"
"caarray.install.init.target","common:init"
"caarray.build:database-integration.macro.list","database-install"
"caarray.override.properties","application.base.path=/usr/local/hudsonuser/apps/caarray,grid.server.hostname=localhost,grid.static.hostname=localhost,jboss.server.hostname=localhost,jboss.web.password=admin,grid.web.password=admin"
"caarray.remote-upgrade.target","deploy:remote:upgrade:ahp"
"caarray.override.remote.properties","ssh.server.username=hudsonuser,ssh.server.hostname=cbvapp-c1006.nci.nih.gov,ssh.port=22,ssh.key.file=/usr/local/hudsonuser/ssh-pub-key/id_dsa_bda,ssh.dir.temp=/usr/local/hudsonuser/buildcertification/build/working/remote-deploy"
"caarray.single-command.package.upgrader.target","dist:upgrader"
"caarray.optional.features","build:database-integration"
"nbia.database.type","mysql"
"nbia.svn.username","narram"
"nbia.svn.project.url","https://ncisvn.nci.nih.gov/svn/nbia/trunk"
"nbia.svn.local.checkout","working/bda_certification"
"nbia.master.build.location","${nbia.svn.local.checkout}/software/build"
"nbia.master.install.location","working/installer"
"nbia.single-command.build.target","build:all"
"nbia.single-command.package.target","dist:installer:prep"
"nbia.database.integration.target","install:database"
"nbia.master.build.file","build.xml"
"nbia.exploded.dir.location","${nbia.svn.local.checkout}/software/target/dist/exploded"
"nbia.svn.private.url","http://gforge.nci.nih.gov/svnroot/scm-private/trunk/ncia/properties"
"nbia.local.private.checkout","working/scm_private"
"nbia.ci-server.url","http://cbv-ciweb-base.nci.nih.gov:48080"
"nbia.ci-server.jobname","ncia_ci"
"nbia.single-command.deployment.target","install"
"nbia.single-command.distribution.target","dist"
"nbia.install.init.target","common:common:init"
"nbia.build:database-integration.macro.list","database-install"
"nbia.remote-upgrade.target","deploy:remote:upgrade"
"nbia.override.remote.properties","ssh.server.username=hudsonuser,ssh.server.hostname=cbvapp-c1006.nci.nih.gov,ssh.port=22,ssh.key.file=/usr/local/hudsonuser/ssh-pub-key/id_dsa_bda,ssh.dir.temp=/usr/local/hudsonuser/buildcertification/build/working/remote-deploy,tomcat.ssh.server.username=hudsonuser,tomcat.ssh.server.hostname=cbvapp-c1006.nci.nih.gov,tomcat.ssh.port=22,tomcat.ssh.key.file=/usr/local/hudsonuser/ssh-pub-key/id_dsa_bda,tomcat.ssh.dir.temp=/usr/local/hudsonuser/buildcertification/build/working/remote-deploy,ctp.ssh.server.username=hudsonuser,ctp.ssh.server.hostname=cbvapp-c1006.nci.nih.gov,ctp.ssh.port=22,ctp.ssh.key.file=/usr/local/hudsonuser/ssh-pub-key/id_dsa_bda,ctp.ssh.dir.temp=/usr/local/hudsonuser/buildcertification/build/working/remote-deploy,db.ssh.server.username=hudsonuser,db.ssh.server.hostname=cbvapp-c1006.nci.nih.gov,db.ssh.port=22,db.ssh.key.file=/usr/local/hudsonuser/ssh-pub-key/id_dsa_bda,db.ssh.dir.temp=/usr/local/hudsonuser/buildcertification/build/working/remote-deploy,authentication.type=db"
"nbia.single-command.package.upgrader.target","dist:upgrader"
"nbia.override.properties",""
"cagwas.database.type","mysql"
"cagwas.svn.username","narram"
"cagwas.svn.project.url","http://gforge.nci.nih.gov/svnroot/cagwas/trunk"
"cagwas.svn.local.checkout","working/bda_certification"
"cagwas.master.build.location","${cagwas.svn.local.checkout}/software/build"
"cagwas.master.install.location","working/installer"
"cagwas.single-command.build.target","build:all"
"cagwas.single-command.package.target","dist:installer:prep"
"cagwas.database.integration.target","install:database"
"cagwas.master.build.file","build.xml"
"cagwas.exploded.dir.location","${cagwas.svn.local.checkout}/software/target/dist/exploded"
"cagwas.svn.private.url","http://gforge.nci.nih.gov/svnroot/scm-private/trunk/projects/cagwas/properties"
"cagwas.local.private.checkout","working/scm_private"
"cagwas.ci-server.url","http://cbvapp-c1004.nci.nih.gov:48080"
"cagwas.ci-server.jobname","cagwas-ci"
"cagwas.single-command.deployment.target","install"
"cagwas.single-command.distribution.target","dist"
"cagwas.install.init.target","common:init"
"cagwas.build:database-integration.macro.list","database-install"
"cagwas.remote-upgrade.target","deploy:remote:upgrade"
"cagwas.override.remote.properties","ssh.server.username=hudsonuser,ssh.server.hostname=cbvapp-c1006.nci.nih.gov,ssh.port=22,ssh.key.file=/usr/local/hudsonuser/ssh-pub-key/id_dsa_bda,ssh.dir.temp=/usr/local/hudsonuser/buildcertification/build/working/remote-deploy"
"cagwas.single-command.package.upgrader.target","dist:upgrader"
"cagwas.override.properties",""
"protexpress.database.type","postgresql"
"protexpress.svn.username","narram"
"protexpress.svn.project.url","http://gforge.nci.nih.gov/svnroot/gpsxar/trunk"
"protexpress.svn.local.checkout","working/bda_certification"
"protexpress.master.build.location","${protexpress.svn.local.checkout}/software/build-prot"
"protexpress.master.install.location","working/installer"
"protexpress.single-command.build.target","build:all"
"protexpress.single-command.package.target","dist:installer:prep"
"protexpress.database.integration.target","install:database"
"protexpress.master.build.file","build.xml"
"protexpress.exploded.dir.location","${protexpress.svn.local.checkout}/software/install-target/protExpress/dist/exploded"
"protexpress.svn.private.url","http://gforge.nci.nih.gov/svnroot/scm-private/trunk/projects/protexpress/properties"
"protexpress.local.private.checkout","working/scm_private"
"protexpress.ci-server.url",""
"protexpress.ci-server.jobname",""
"protexpress.single-command.deployment.target","install"
"protexpress.single-command.distribution.target","dist"
"protexpress.install.init.target","install:init"
"protexpress.build:database-integration.macro.list","database-install"
"protexpress.remote-upgrade.target","deploy:remote:upgrade"
"protexpress.override.remote.properties","ssh.server.username=hudsonuser,ssh.server.hostname=cbvapp-c1006.nci.nih.gov,ssh.port=22,ssh.key.file=/usr/local/hudsonuser/ssh-pub-key/id_dsa_bda,ssh.dir.temp=/usr/local/hudsonuser/buildcertification/build/working/remote-deploy"
"protexpress.single-command.package.upgrader.target","dist:upgrader"
"protexpress.override.properties",""
"bioportal.database.type","mysql"
"bioportal.svn.username","narram"
"bioportal.svn.project.url","http://gforge.nci.nih.gov/svnroot/lex-browser/trunk"
"bioportal.svn.local.checkout","working/bda_certification"
"bioportal.master.build.location","${bioportal.svn.local.checkout}/software"
"bioportal.master.install.location","working/installer"
"bioportal.single-command.build.target","build:all"
"bioportal.single-command.package.target","dist:installer:prep"
"bioportal.database.integration.target","install:database"
"bioportal.master.build.file","build.xml"
"bioportal.exploded.dir.location","${bioportal.svn.local.checkout}/software/target/dist/exploded"
"bioportal.svn.private.url","http://gforge.nci.nih.gov/svnroot/scm-private/trunk/projects/bioportal/properties"
"bioportal.local.private.checkout","working/scm_private"
"bioportal.ci-server.url",""
"bioportal.ci-server.jobname",""
"bioportal.single-command.deployment.target","install"
"bioportal.single-command.distribution.target","dist"
"bioportal.install.init.target","install:init"
"bioportal.build:database-integration.macro.list","database-install"
"bioportal.remote-upgrade.target","deploy:remote:upgrade"
"bioportal.override.remote.properties","ssh.server.username=hudsonuser,ssh.server.hostname=cbvapp-c1006.nci.nih.gov,ssh.port=22,ssh.key.file=/usr/local/hudsonuser/ssh-pub-key/id_dsa_bda,ssh.dir.temp=/usr/local/hudsonuser/buildcertification/build/working/remote-deploy"
"bioportal.single-command.package.upgrader.target","dist:upgrader"
"bioportal.override.properties",""
"lexevs.database.type","mysql"
"lexevs.svn.username","narram"
"lexevs.svn.project.url","http://gforge.nci.nih.gov/svnroot/lexevs/base/v5/trunk"
"lexevs.svn.local.checkout","working/bda_certification"
"lexevs.master.build.location","${lexevs.svn.local.checkout}/lexevs_bda/Lexevs_build"
"lexevs.master.install.location","working/installer"
"lexevs.single-command.build.target","build:all"
"lexevs.single-command.package.target","dist:installer:prep"
"lexevs.database.integration.target","install:database"
"lexevs.master.build.file","build.xml"
"lexevs.exploded.dir.location","${lexevs.svn.local.checkout}/target/dist/exploded"
"lexevs.svn.private.url","http://gforge.nci.nih.gov/svnroot/scm-private/trunk/projects/lexevs/v5/properties"
"lexevs.local.private.checkout","working/scm_private"
"lexevs.ci-server.url","http://nciaas-c112-v.nci.nih.gov:48080"
"lexevs.ci-server.jobname","LexEVS.4.3"
"lexevs.single-command.deployment.target","install"
"lexevs.single-command.distribution.target","dist"
"lexevs.install.init.target","install:init"
"lexevs.build:database-integration.macro.list","database-install"
"lexevs.remote-upgrade.target","deploy:remote:upgrade"
"lexevs.override.remote.properties","ssh.server.username=hudsonuser,ssh.server.hostname=cbvapp-c1006.nci.nih.gov,ssh.port=22,ssh.key.file=/usr/local/hudsonuser/ssh-pub-key/id_dsa_bda,ssh.dir.temp=/usr/local/hudsonuser/buildcertification/build/working/remote-deploy"
"lexevs.single-command.package.upgrader.target","dist:upgrader"
"lexevs.override.properties",""
"upt.database.type","mysql"
"upt.svn.username","narram"
"upt.svn.project.url","http://gforge.nci.nih.gov/svnroot/security/trunk"
"upt.svn.local.checkout","working/bda_certification"
"upt.master.build.location","${upt.svn.local.checkout}/software/buildupt"
"upt.master.install.location","working/installer"
"upt.single-command.build.target","build:all"
"upt.single-command.package.target","dist:installer:prep"
"upt.database.integration.target","install:database"
"upt.master.build.file","build.xml"
"upt.exploded.dir.location","${upt.svn.local.checkout}/software/target/dist/exploded"
"upt.svn.private.url","http://gforge.nci.nih.gov/svnroot/scm-private/trunk/csmupt/properties"
"upt.local.private.checkout","working/scm_private"
"upt.ci-server.url","http://cbvapp-c1002.nci.nih.gov:48080"
"upt.ci-server.jobname","csm-install"
"upt.single-command.deployment.target","install"
"upt.single-command.distribution.target","dist"
"upt.install.init.target","common:init"
"upt.override.properties","upt.31.installed=false,upt.32.installed=false,upt.40.installed=false,upt.41.installed=false,upt.42.installed=false"
"upt.remote-upgrade.target","deploy:remote:upgrade"
"upt.override.remote.properties","ssh.server.username=hudsonuser,ssh.server.hostname=cbvapp-c1006.nci.nih.gov,ssh.port=22,ssh.key.file=/usr/local/hudsonuser/ssh-pub-key/id_dsa_bda,ssh.dir.temp=/usr/local/hudsonuser/buildcertification/build/working/remote-deploy"
"upt.single-command.package.upgrader.target","dist:upgrader"
"po.database.type","postgresql"
"po.svn.username","narram"
"po.svn.project.url","https://ncisvn.nci.nih.gov/svn/coppa/trunk"
"po.svn.local.checkout","working/bda_certification"
"po.master.build.location","${po.svn.local.checkout}/code/build-po"
"po.master.install.location","working/installer"
"po.single-command.build.target","build:all"
"po.single-command.package.target","dist:installer:prep"
"po.database.integration.target","install:database"
"po.master.build.file","build.xml"
"po.exploded.dir.location","${po.svn.local.checkout}/code/target/po/dist/exploded"
"po.svn.private.url","http://gforge.nci.nih.gov/svnroot/scm-private/trunk/projects/coppa/properties"
"po.local.private.checkout","working/scm_private"
"po.ci-server.url","http://cbvapp-c1005.nci.nih.gov:48080"
"po.ci-server.jobname","po-bda-ci"
"po.single-command.deployment.target","install"
"po.single-command.distribution.target","dist"
"po.install.init.target","common:init"
"po.remote-upgrade.target","deploy:remote:upgrade:ahp"
"po.override.remote.properties","ssh.server.username=hudsonuser,ssh.server.hostname=cbvapp-c1006.nci.nih.gov,ssh.port=22,ssh.key.file=/usr/local/hudsonuser/ssh-pub-key/id_dsa_bda,ssh.dir.temp=/usr/local/hudsonuser/buildcertification/build/working/remote-deploy,database.system.user=${database.system.user},database.system.password=${database.system.password},database.server=cbvapp-c1006.nci.nih.gov,database.port=3306,database.name=buildmonitordb,database.user=buildmonitoruser"
"po.single-command.package.upgrader.target","dist:upgrader"
"po.override.properties","po-grid-jboss.grid.secure.enable=false"
"caintegrator2.database.type","mysql"
"caintegrator2.svn.username","narram"
"caintegrator2.svn.project.url","http://gforge.nci.nih.gov/svnroot/caintegrator2/trunk"
"caintegrator2.svn.local.checkout","working/bda_certification"
"caintegrator2.master.build.location","${caintegrator2.svn.local.checkout}/software/build"
"caintegrator2.master.install.location","working/installer"
"caintegrator2.single-command.build.target","build:all"
"caintegrator2.single-command.package.target","dist:installer:prep"
"caintegrator2.database.integration.target","install:database"
"caintegrator2.master.build.file","build.xml"
"caintegrator2.exploded.dir.location","${caintegrator2.svn.local.checkout}/software/target/dist/exploded"
"caintegrator2.svn.private.url","http://gforge.nci.nih.gov/svnroot/scm-private/trunk/cai2/properties"
"caintegrator2.local.private.checkout","working/scm_private"
"caintegrator2.ci-server.url","http://cbvapp-c1004.nci.nih.gov:48080"
"caintegrator2.ci-server.jobname","caintegrator2-ci"
"caintegrator2.single-command.deployment.target","install"
"caintegrator2.single-command.distribution.target","dist"
"caintegrator2.install.init.target","common:init"
"caintegrator2.build:database-integration.macro.list","database-install"
"caintegrator2.remote-upgrade.target","deploy:remote:upgrade"
"caintegrator2.override.remote.properties","ssh.server.username=hudsonuser,ssh.server.hostname=cbvapp-c1006.nci.nih.gov,ssh.port=22,ssh.key.file=/usr/local/hudsonuser/ssh-pub-key/id_dsa_bda,ssh.dir.temp=/usr/local/hudsonuser/buildcertification/build/working/remote-deploy"
"caintegrator2.single-command.package.upgrader.target","dist:upgrader"
"caintegrator2.override.properties",""
"cananolab.database.type","mysql"
"cananolab.svn.username","narram"
"cananolab.svn.project.url","http://gforge.nci.nih.gov/svnroot/calab/cananolab/trunk/"
"cananolab.svn.local.checkout","working/bda_certification"
"cananolab.master.build.location","${cananolab.svn.local.checkout}/software/build"
"cananolab.master.install.location","working/installer"
"cananolab.single-command.build.target","build:all"
"cananolab.single-command.package.target","dist:installer:prep"
"cananolab.database.integration.target","install:database"
"cananolab.master.build.file","build.xml"
"cananolab.exploded.dir.location","${cananolab.svn.local.checkout}/software/target/dist/exploded"
"cananolab.svn.private.url","http://gforge.nci.nih.gov/svnroot/scm-private/trunk/projects/cananolab/properties"
"cananolab.local.private.checkout","working/scm_private"
"cananolab.ci-server.url",""
"cananolab.ci-server.jobname",""
"cananolab.single-command.deployment.target","install"
"cananolab.single-command.distribution.target","dist"
"cananolab.install.init.target","install:init"
"cananolab.remote-upgrade.target","deploy:remote:upgrade"
"cananolab.override.remote.properties","ssh.server.username=hudsonuser,ssh.server.hostname=cbvapp-c1006.nci.nih.gov,ssh.port=22,ssh.key.file=/usr/local/hudsonuser/ssh-pub-key/id_dsa_bda,ssh.dir.temp=/usr/local/hudsonuser/buildcertification/build/working/remote-deploy"
"cananolab.single-command.package.upgrader.target","dist:upgrader"
"cananolab.override.properties",""
"pa.database.type","postgresql"
"pa.svn.username","narram"
"pa.svn.project.url","https://ncisvn.nci.nih.gov/svn/coppa/trunk/"
"pa.svn.local.checkout","working/bda_certification"
"pa.master.build.location","${pa.svn.local.checkout}/code/build-pa"
"pa.master.install.location","working/installer"
"pa.single-command.build.target","build:all"
"pa.single-command.package.target","dist:installer:prep"
"pa.database.integration.target","install:database"
"pa.master.build.file","build.xml"
"pa.exploded.dir.location","${pa.svn.local.checkout}/software/target"
"pa.svn.private.url","http://gforge.nci.nih.gov/svnroot/scm-private/trunk/projects/coppa/properties"
"pa.local.private.checkout","working/scm_private"
"pa.ci-server.url","http://cbvapp-c1005.nci.nih.gov:48080"
"pa.ci-server.jobname","pa-bda-ci"
"pa.single-command.deployment.target","install"
"pa.single-command.distribution.target","dist"
"pa.install.init.target","install:init"
"pa.remote-upgrade.target","deploy:remote:upgrade"
"pa.override.remote.properties","ssh.server.username=hudsonuser,ssh.server.hostname=cbvapp-c1006.nci.nih.gov,ssh.port=22,ssh.key.file=/usr/local/hudsonuser/ssh-pub-key/id_dsa_bda,ssh.dir.temp=/usr/local/hudsonuser/buildcertification/build/working/remote-deploy"
"pa.single-command.package.upgrader.target","dist:upgrader"
"pa.override.properties",""
"rembrandt.database.type","mysql"
"rembrandt.svn.username","narram"
"rembrandt.svn.project.url","http://gforge.nci.nih.gov/svnroot/rembrandt/trunk/"
"rembrandt.svn.local.checkout","working/bda_certification"
"rembrandt.master.build.location","${rembrandt.svn.local.checkout}/software/build"
"rembrandt.master.install.location","working/installer"
"rembrandt.single-command.build.target","build:all"
"rembrandt.single-command.package.target","dist:installer:prep"
"rembrandt.database.integration.target","install:database"
"rembrandt.master.build.file","build.xml"
"rembrandt.exploded.dir.location","${rembrandt.svn.local.checkout}/software/target/dist/exploded"
"rembrandt.svn.private.url","http://gforge.nci.nih.gov/svnroot/scm-private/trunk/projects/rembrandt/properties"
"rembrandt.local.private.checkout","working/scm_private"
"rembrandt.ci-server.url",""
"rembrandt.ci-server.jobname",""
"rembrandt.single-command.deployment.target","install"
"rembrandt.single-command.distribution.target","dist"
"rembrandt.install.init.target","install:init"
"rembrandt.remote-upgrade.target","deploy:remote:upgrade"
"rembrandt.override.remote.properties","ssh.server.username=hudsonuser,ssh.server.hostname=cbvapp-c1006.nci.nih.gov,ssh.port=22,ssh.key.file=/usr/local/hudsonuser/ssh-pub-key/id_dsa_bda,ssh.dir.temp=/usr/local/hudsonuser/buildcertification/build/working/remote-deploy"
"rembrandt.single-command.package.upgrader.target","dist:upgrader"
"rembrandt.override.properties",""
"cabio.database.type","oracle"
"cabio.svn.username","narram"
"cabio.svn.project.url","http://gforge.nci.nih.gov/svnroot/cabiodb/cabioapi/trunk/"
"cabio.svn.local.checkout","working/bda_certification"
"cabio.master.build.location","${cabio.svn.local.checkout}/software/build"
"cabio.master.install.location","working/installer"
"cabio.single-command.build.target","build:all"
"cabio.single-command.package.target","dist:installer:prep"
"cabio.database.integration.target","install:database"
"cabio.master.build.file","build.xml"
"cabio.exploded.dir.location","${cabio.svn.local.checkout}/software/target/dist/exploded"
"cabio.svn.private.url","http://gforge.nci.nih.gov/svnroot/scm-private/trunk/projects/cabio/cabioapi/properties"
"cabio.local.private.checkout","working/scm_private"
"cabio.ci-server.url","http://ncias-d185-v.nci.nih.gov:48080"
"cabio.ci-server.jobname","cabioapi"
"cabio.single-command.deployment.target","install"
"cabio.single-command.distribution.target","dist"
"cabio.install.init.target","common:init"
"cabio.use.genericDB","false"
"cabio.build:database-integration.macro.list","database-install"
"cabio.remote-upgrade.target","deploy:remote:upgrade:ahp"
"cabio.override.remote.properties","ssh.server.username=hudsonuser,ssh.server.hostname=cbvapp-c1006.nci.nih.gov,ssh.port=22,ssh.key.file=/usr/local/hudsonuser/ssh-pub-key/id_dsa_bda,ssh.dir.temp=/usr/local/hudsonuser/buildcertification/build/working/remote-deploy"
"cabio.optional.features","build:database-integration"
"cabio.single-command.package.upgrader.target","dist:upgrader"
"cabio.override.properties",""
"ispy.database.type","mysql"
"ispy.svn.username","narram"
"ispy.svn.project.url","http://gforge.nci.nih.gov/svnroot/ispy/trunk/"
"ispy.svn.local.checkout","working/bda_certification"
"ispy.master.build.location","${ispy.svn.local.checkout}/software/build"
"ispy.master.install.location","working/installer"
"ispy.single-command.build.target","build:all"
"ispy.single-command.package.target","dist:installer:prep"
"ispy.database.integration.target","install:database"
"ispy.master.build.file","build.xml"
"ispy.exploded.dir.location","${ispy.svn.local.checkout}/software/target/dist/exploded"
"ispy.svn.private.url","http://gforge.nci.nih.gov/svnroot/scm-private/trunk/projects/ispy/properties"
"ispy.local.private.checkout","working/scm_private"
"ispy.ci-server.url",""
"ispy.ci-server.jobname",""
"ispy.single-command.deployment.target","install"
"ispy.single-command.distribution.target","dist"
"ispy.install.init.target","install:init"
"ispy.remote-upgrade.target","deploy:remote:upgrade"
"ispy.override.remote.properties","ssh.server.username=hudsonuser,ssh.server.hostname=cbvapp-c1006.nci.nih.gov,ssh.port=22,ssh.key.file=/usr/local/hudsonuser/ssh-pub-key/id_dsa_bda,ssh.dir.temp=/usr/local/hudsonuser/buildcertification/build/working/remote-deploy"
"ispy.single-command.package.upgrader.target","dist:upgrader"
"ispy.override.properties",""
"cpas.database.type","mysql"
"cpas.svn.username","narram"
"cpas.svn.project.url","http://gforge.nci.nih.gov/svnroot/cpas/trunk/cpas"
"cpas.svn.local.checkout","working/bda_certification"
"cpas.master.build.location","${cpas.svn.local.checkout}/software/build"
"cpas.master.install.location","working/installer"
"cpas.single-command.build.target","build:all"
"cpas.single-command.package.target","dist:installer:prep"
"cpas.database.integration.target","install:database"
"cpas.master.build.file","build.xml"
"cpas.exploded.dir.location","${cpas.svn.local.checkout}/software/target/dist/exploded"
"cpas.svn.private.url","http://gforge.nci.nih.gov/svnroot/scm-private/trunk/projects/cpas/properties"
"cpas.local.private.checkout","working/scm_private"
"cpas.ci-server.url",""
"cpas.ci-server.jobname",""
"cpas.single-command.deployment.target","install"
"cpas.single-command.distribution.target","dist"
"cpas.install.init.target","install:init"
"cpas.remote-upgrade.target","deploy:remote:upgrade"
"cpas.override.remote.properties","ssh.server.username=hudsonuser,ssh.server.hostname=cbvapp-c1006.nci.nih.gov,ssh.port=22,ssh.key.file=/usr/local/hudsonuser/ssh-pub-key/id_dsa_bda,ssh.dir.temp=/usr/local/hudsonuser/buildcertification/build/working/remote-deploy"
"cpas.single-command.package.upgrader.target","dist:upgrader"
"cpas.override.properties",""
"ccts.database.type","mysql"
"ccts.svn.username","narram"
"ccts.svn.project.url","http://gforge.nci.nih.gov/svnroot/ccts-installer/trunk"
"ccts.svn.local.checkout","working/bda_certification"
"ccts.master.build.location","${ccts.svn.local.checkout}/software/build"
"ccts.master.install.location","working/installer"
"ccts.single-command.build.target","build:all"
"ccts.single-command.package.target","dist:installer:prep"
"ccts.database.integration.target","install:database"
"ccts.master.build.file","build.xml"
"ccts.exploded.dir.location","${ccts.svn.local.checkout}/software/target/dist/exploded"
"ccts.svn.private.url","http://gforge.nci.nih.gov/svnroot/scm-private/trunk/projects/ccts/properties"
"ccts.local.private.checkout","working/scm_private"
"ccts.ci-server.url",""
"ccts.ci-server.jobname",""
"ccts.single-command.deployment.target","install"
"ccts.single-command.distribution.target","dist"
"ccts.install.init.target","install:init"
"ccts.remote-upgrade.target","deploy:remote:upgrade"
"ccts.override.remote.properties","ssh.server.username=hudsonuser,ssh.server.hostname=cbvapp-c1006.nci.nih.gov,ssh.port=22,ssh.key.file=/usr/local/hudsonuser/ssh-pub-key/id_dsa_bda,ssh.dir.temp=/usr/local/hudsonuser/buildcertification/build/working/remote-deploy"
"ccts.single-command.package.upgrader.target","dist:upgrader"
"ccts.override.properties",""
"tcga.database.type","mysql"
"tcga.svn.username","narram"
"tcga.svn.project.url","https://ncisvn.nci.nih.gov/svn/tcgainformatics/tcga-qc/trunk/TCGA-Core/"
"tcga.svn.local.checkout","working/bda_certification"
"tcga.master.build.location","${tcga.svn.local.checkout}/build"
"tcga.master.install.location","working/installer"
"tcga.single-command.build.target","build:all"
"tcga.single-command.package.target","dist:installer:prep"
"tcga.database.integration.target","install:database"
"tcga.master.build.file","build.xml"
"tcga.exploded.dir.location","${tcga.svn.local.checkout}/software/target/dist/exploded"
"tcga.svn.private.url","http://gforge.nci.nih.gov/svnroot/scm-private/trunk/projects/tcga/properties"
"tcga.local.private.checkout","working/scm_private"
"tcga.ci-server.url",""
"tcga.ci-server.jobname",""
"tcga.single-command.deployment.target","install"
"tcga.single-command.distribution.target","dist"
"tcga.install.init.target","install:init"
"tcga.remote-upgrade.target","deploy:remote:upgrade"
"tcga.override.remote.properties","ssh.server.username=hudsonuser,ssh.server.hostname=cbvapp-c1006.nci.nih.gov,ssh.port=22,ssh.key.file=/usr/local/hudsonuser/ssh-pub-key/id_dsa_bda,ssh.dir.temp=/usr/local/hudsonuser/buildcertification/build/working/remote-deploy"
"tcga.single-command.package.upgrader.target","dist:upgrader"
"tcga.override.properties",""
"cadsr-cdebrowser.database.type","oracle"
"cadsr-cdebrowser.svn.username","narram"
"cadsr-cdebrowser.svn.project.url","https://ncisvn.nci.nih.gov/svn/cdebrowser/trunk"
"cadsr-cdebrowser.svn.local.checkout","working/bda_certification"
"cadsr-cdebrowser.master.build.location","${cadsr-cdebrowser.svn.local.checkout}/software/build"
"cadsr-cdebrowser.master.install.location","working/installer"
"cadsr-cdebrowser.single-command.build.target","build:all"
"cadsr-cdebrowser.single-command.package.target","dist:installer:prep"
"cadsr-cdebrowser.database.integration.target","install:database"
"cadsr-cdebrowser.master.build.file","build.xml"
"cadsr-cdebrowser.exploded.dir.location","${cadsr-cdebrowser.svn.local.checkout}/software/target/dist/exploded"
"cadsr-cdebrowser.svn.private.url","https://ncisvn.nci.nih.gov/svn/scm-props/trunk/dev/CDEBrowser"
"cadsr-cdebrowser.local.private.checkout","working/scm_private"
"cadsr-cdebrowser.ci-server.url","http://ncias-c357-v:48080"
"cadsr-cdebrowser.ci-server.jobname","CDEBrowser"
"cadsr-cdebrowser.single-command.deployment.target","install"
"cadsr-cdebrowser.single-command.distribution.target","dist"
"cadsr-cdebrowser.install.init.target","common:init"
"cadsr-cdebrowser.use.genericDB","false"
"cadsr-cdebrowser.remote-upgrade.target","deploy:remote:upgrade:ahp"
"cadsr-cdebrowser.override.remote.properties","ssh.server.username=hudsonuser,ssh.server.hostname=cbvapp-c1006.nci.nih.gov,ssh.port=22,ssh.key.file=/usr/local/hudsonuser/ssh-pub-key/id_dsa_bda,ssh.dir.temp=/usr/local/hudsonuser/buildcertification/build/working/remote-deploy"
"cadsr-cdebrowser.single-command.package.upgrader.target","dist:upgrader"
"cadsr-cdebrowser.override.properties",""
"cadsr-umlmodelbrowser.database.type","oracle"
"cadsr-umlmodelbrowser.svn.username","narram"
"cadsr-umlmodelbrowser.svn.project.url","https://ncisvn.nci.nih.gov/svn/umlmodelbrowser/trunk"
"cadsr-umlmodelbrowser.svn.local.checkout","working/bda_certification"
"cadsr-umlmodelbrowser.master.build.location","${cadsr-umlmodelbrowser.svn.local.checkout}/software/build"
"cadsr-umlmodelbrowser.master.install.location","working/installer"
"cadsr-umlmodelbrowser.single-command.build.target","build:all"
"cadsr-umlmodelbrowser.single-command.package.target","dist:installer:prep"
"cadsr-umlmodelbrowser.database.integration.target","install:database"
"cadsr-umlmodelbrowser.master.build.file","build.xml"
"cadsr-umlmodelbrowser.exploded.dir.location","${cadsr-umlmodelbrowser.svn.local.checkout}/software/target/dist/exploded"
"cadsr-umlmodelbrowser.svn.private.url","https://ncisvn.nci.nih.gov/svn/scm-props/trunk/dev/UMLModelBrowser"
"cadsr-umlmodelbrowser.local.private.checkout","working/scm_private"
"cadsr-umlmodelbrowser.ci-server.url","http://ncias-c357-v:48080"
"cadsr-umlmodelbrowser.ci-server.jobname","UMLModelBrowser"
"cadsr-umlmodelbrowser.single-command.deployment.target","install"
"cadsr-umlmodelbrowser.single-command.distribution.target","dist"
"cadsr-umlmodelbrowser.install.init.target","common:init"
"cadsr-umlmodelbrowser.use.genericDB","false"
"cadsr-umlmodelbrowser.remote-upgrade.target","deploy:remote:upgrade:ahp"
"cadsr-umlmodelbrowser.override.remote.properties","ssh.server.username=hudsonuser,ssh.server.hostname=cbvapp-c1006.nci.nih.gov,ssh.port=22,ssh.key.file=/usr/local/hudsonuser/ssh-pub-key/id_dsa_bda,ssh.dir.temp=/usr/local/hudsonuser/buildcertification/build/working/remote-deploy"
"cadsr-umlmodelbrowser.single-command.package.upgrader.target","dist:upgrader"
"cadsr-umlmodelbrowser.override.properties",""
"cadsr-formbuilder.database.type","oracle"
"cadsr-formbuilder.svn.username","narram"
"cadsr-formbuilder.svn.project.url","https://ncisvn.nci.nih.gov/svn/formbuilder/trunk"
"cadsr-formbuilder.svn.local.checkout","working/bda_certification"
"cadsr-formbuilder.master.build.location","${cadsr-formbuilder.svn.local.checkout}/software/build"
"cadsr-formbuilder.master.install.location","working/installer"
"cadsr-formbuilder.single-command.build.target","build:all"
"cadsr-formbuilder.single-command.package.target","dist:installer:prep"
"cadsr-formbuilder.database.integration.target","install:database"
"cadsr-formbuilder.master.build.file","build.xml"
"cadsr-formbuilder.exploded.dir.location","${cadsr-formbuilder.svn.local.checkout}/software/target/dist/exploded"
"cadsr-formbuilder.svn.private.url","https://ncisvn.nci.nih.gov/svn/scm-props/trunk/dev/FormBuilder"
"cadsr-formbuilder.local.private.checkout","working/scm_private"
"cadsr-formbuilder.ci-server.url","http://ncias-c357-v:48080"
"cadsr-formbuilder.ci-server.jobname","Formbuilder"
"cadsr-formbuilder.single-command.deployment.target","install"
"cadsr-formbuilder.single-command.distribution.target","dist"
"cadsr-formbuilder.install.init.target","common:init"
"cadsr-formbuilder.use.genericDB","false"
"cadsr-formbuilder.remote-upgrade.target","deploy:remote:upgrade:ahp"
"cadsr-formbuilder.override.remote.properties","ssh.server.username=hudsonuser,ssh.server.hostname=cbvapp-c1006.nci.nih.gov,ssh.port=22,ssh.key.file=/usr/local/hudsonuser/ssh-pub-key/id_dsa_bda,ssh.dir.temp=/usr/local/hudsonuser/buildcertification/build/working/remote-deploy"
"cadsr-formbuilder.single-command.package.upgrader.target","dist:upgrader"
"cadsr-formbuilder.override.properties",""
"cadsr-sentinel.database.type","oracle"
"cadsr-sentinel.svn.username","narram"
"cadsr-sentinel.svn.project.url","https://ncisvn.nci.nih.gov/svn/sentinel/trunk"
"cadsr-sentinel.svn.local.checkout","working/bda_certification"
"cadsr-sentinel.master.build.location","${cadsr-sentinel.svn.local.checkout}/software/build"
"cadsr-sentinel.master.install.location","working/installer"
"cadsr-sentinel.single-command.build.target","build:all"
"cadsr-sentinel.single-command.package.target","dist:installer:prep"
"cadsr-sentinel.database.integration.target","install:database"
"cadsr-sentinel.master.build.file","build.xml"
"cadsr-sentinel.exploded.dir.location","${cadsr-sentinel.svn.local.checkout}/software/target/dist/exploded"
"cadsr-sentinel.svn.private.url","https://ncisvn.nci.nih.gov/svn/scm-props/trunk/dev/Sentinel"
"cadsr-sentinel.local.private.checkout","working/scm_private"
"cadsr-sentinel.ci-server.url","http://ncias-c357-v:48080"
"cadsr-sentinel.ci-server.jobname","Sentinel"
"cadsr-sentinel.single-command.deployment.target","install"
"cadsr-sentinel.single-command.distribution.target","dist"
"cadsr-sentinel.install.init.target","common:init"
"cadsr-sentinel.use.genericDB","false"
"cadsr-sentinel.remote-upgrade.target","deploy:remote:upgrade:ahp"
"cadsr-sentinel.override.remote.properties","ssh.server.username=hudsonuser,ssh.server.hostname=cbvapp-c1006.nci.nih.gov,ssh.port=22,ssh.key.file=/usr/local/hudsonuser/ssh-pub-key/id_dsa_bda,ssh.dir.temp=/usr/local/hudsonuser/buildcertification/build/working/remote-deploy"
"cadsr-sentinel.single-command.package.upgrader.target","dist:upgrader"
"cadsr-sentinel.override.properties",""
"cadsr-freestylesearch.database.type","oracle"
"cadsr-freestylesearch.svn.username","narram"
"cadsr-freestylesearch.svn.project.url","https://ncisvn.nci.nih.gov/svn/freestylesearch/trunk/freestylesearch"
"cadsr-freestylesearch.svn.local.checkout","working/bda_certification"
"cadsr-freestylesearch.master.build.location","${cadsr-freestylesearch.svn.local.checkout}/software/build"
"cadsr-freestylesearch.master.install.location","working/installer"
"cadsr-freestylesearch.single-command.build.target","build:all"
"cadsr-freestylesearch.single-command.package.target","dist:installer:prep"
"cadsr-freestylesearch.database.integration.target","install:database"
"cadsr-freestylesearch.master.build.file","build.xml"
"cadsr-freestylesearch.exploded.dir.location","${cadsr-freestylesearch.svn.local.checkout}/software/target/dist/exploded"
"cadsr-freestylesearch.svn.private.url","https://ncisvn.nci.nih.gov/svn/scm-props/trunk/dev/Freestyle_Search"
"cadsr-freestylesearch.local.private.checkout","working/scm_private"
"cadsr-freestylesearch.ci-server.url","http://ncias-c357-v:48080"
"cadsr-freestylesearch.ci-server.jobname","FreestyleSearch"
"cadsr-freestylesearch.single-command.deployment.target","install"
"cadsr-freestylesearch.single-command.distribution.target","dist"
"cadsr-freestylesearch.install.init.target","common:init"
"cadsr-freestylesearch.use.genericDB","false"
"cadsr-freestylesearch.remote-upgrade.target","deploy:remote:upgrade:ahp"
"cadsr-freestylesearch.override.remote.properties","ssh.server.username=hudsonuser,ssh.server.hostname=cbvapp-c1006.nci.nih.gov,ssh.port=22,ssh.key.file=/usr/local/hudsonuser/ssh-pub-key/id_dsa_bda,ssh.dir.temp=/usr/local/hudsonuser/buildcertification/build/working/remote-deploy"
"cadsr-freestylesearch.single-command.package.upgrader.target","dist:upgrader"
"cadsr-freestylesearch.override.properties",""
"cadsr-cdecurate.database.type","oracle"
"cadsr-cdecurate.svn.username","narram"
"cadsr-cdecurate.svn.project.url","https://ncisvn.nci.nih.gov/svn/cdecurate/trunk"
"cadsr-cdecurate.svn.local.checkout","working/bda_certification"
"cadsr-cdecurate.master.build.location","${cadsr-cdecurate.svn.local.checkout}/software/build"
"cadsr-cdecurate.master.install.location","working/installer"
"cadsr-cdecurate.single-command.build.target","build:all"
"cadsr-cdecurate.single-command.package.target","dist:installer:prep"
"cadsr-cdecurate.database.integration.target","install:database"
"cadsr-cdecurate.master.build.file","build.xml"
"cadsr-cdecurate.exploded.dir.location","${cadsr-cdecurate.svn.local.checkout}/software/target/dist/exploded"
"cadsr-cdecurate.svn.private.url","https://ncisvn.nci.nih.gov/svn/scm-props/trunk/dev/cdecurate"
"cadsr-cdecurate.local.private.checkout","working/scm_private"
"cadsr-cdecurate.ci-server.url",""
"cadsr-cdecurate.ci-server.jobname",""
"cadsr-cdecurate.single-command.deployment.target","install"
"cadsr-cdecurate.single-command.distribution.target","dist"
"cadsr-cdecurate.install.init.target","common:init"
"cadsr-cdecurate.use.genericDB","false"
"cadsr-cdecurate.remote-upgrade.target","deploy:remote:upgrade:ahp"
"cadsr-cdecurate.override.remote.properties","ssh.server.username=hudsonuser,ssh.server.hostname=cbvapp-c1006.nci.nih.gov,ssh.port=22,ssh.key.file=/usr/local/hudsonuser/ssh-pub-key/id_dsa_bda,ssh.dir.temp=/usr/local/hudsonuser/buildcertification/build/working/remote-deploy"
"cadsr-cdecurate.single-command.package.upgrader.target","dist:upgrader"
"cadsr-cdecurate.override.properties",""
"cadsr-semanticTools.database.type","oracle"
"cadsr-semanticTools.svn.username","narram"
"cadsr-semanticTools.svn.project.url","https://ncisvn.nci.nih.gov/svn/semanticTools/trunk"
"cadsr-semanticTools.svn.local.checkout","working/bda_certification"
"cadsr-semanticTools.master.build.location","${cadsr-semanticTools.svn.local.checkout}/software/build"
"cadsr-semanticTools.master.install.location","working/installer"
"cadsr-semanticTools.single-command.build.target","build:all"
"cadsr-semanticTools.single-command.package.target","dist:installer:prep"
"cadsr-semanticTools.database.integration.target","install:database"
"cadsr-semanticTools.master.build.file","build.xml"
"cadsr-semanticTools.exploded.dir.location","${cadsr-semanticTools.svn.local.checkout}/software/target/dist/exploded"
"cadsr-semanticTools.svn.private.url","https://ncisvn.nci.nih.gov/svn/scm-props/trunk/dev/semanticTools"
"cadsr-semanticTools.local.private.checkout","working/scm_private"
"cadsr-semanticTools.ci-server.url",""
"cadsr-semanticTools.ci-server.jobname",""
"cadsr-semanticTools.single-command.deployment.target","install"
"cadsr-semanticTools.single-command.distribution.target","dist"
"cadsr-semanticTools.install.init.target","common:init"
"cadsr-semanticTools.use.genericDB","false"
"cadsr-semanticTools.remote-upgrade.target","deploy:remote:upgrade:ahp"
"cadsr-semanticTools.override.remote.properties","ssh.server.username=hudsonuser,ssh.server.hostname=cbvapp-c1006.nci.nih.gov,ssh.port=22,ssh.key.file=/usr/local/hudsonuser/ssh-pub-key/id_dsa_bda,ssh.dir.temp=/usr/local/hudsonuser/buildcertification/build/working/remote-deploy"
"cadsr-semanticTools.single-command.package.upgrader.target","dist:upgrader"
"cadsr-semanticTools.override.properties",""
"cadsr-semanticTools.database.system.user","THE_SIW"
"cadsr-semanticTools.database.system.password","THE_SIW"
"cadsr-semanticTools.database.server","cbiodb540.nci.nih.gov"
"cadsr-semanticTools.database.port","1551"
"cadsr-semanticTools.database.name","DSRDEV"
"cadsr-semanticTools.database.user","THE_SIW"
"cadsr-semanticTools.database.password","THE_SIW"
"cadsr-semanticTools.database.url","jdbc:oracle:thin:@${cadsr-semanticTools.database.server}:${cadsr-semanticTools.database.port}:${cadsr-semanticTools.database.name}"
"cadsr-semanticTools.database.system.url","jdbc:oracle:thin:@${cadsr-semanticTools.database.server}:${cadsr-semanticTools.database.port}"
"cadsr-cadsrdb.database.type","oracle"
"cadsr-cadsrdb.svn.username","narram"
"cadsr-cadsrdb.svn.project.url","https://ncisvn.nci.nih.gov/svn/cadsrdb/trunk"
"cadsr-cadsrdb.svn.local.checkout","working/bda_certification"
"cadsr-cadsrdb.master.build.location","${cadsr-cadsrdb.svn.local.checkout}/software/build"
"cadsr-cadsrdb.master.install.location","working/installer"
"cadsr-cadsrdb.single-command.build.target","build:all"
"cadsr-cadsrdb.single-command.package.target","dist:installer:prep"
"cadsr-cadsrdb.database.integration.target","install:database"
"cadsr-cadsrdb.master.build.file","build.xml"
"cadsr-cadsrdb.exploded.dir.location","${cadsr-cadsrdb.svn.local.checkout}/software/target/dist/exploded"
"cadsr-cadsrdb.svn.private.url","https://ncisvn.nci.nih.gov/svn/scm-props/trunk/dev/cadsrdb"
"cadsr-cadsrdb.local.private.checkout","working/scm_private"
"cadsr-cadsrdb.ci-server.url",""
"cadsr-cadsrdb.ci-server.jobname",""
"cadsr-cadsrdb.single-command.deployment.target","install"
"cadsr-cadsrdb.single-command.distribution.target","dist"
"cadsr-cadsrdb.install.init.target","common:init"
"cadsr-cadsrdb.use.genericDB","false"
"cadsr-cadsrdb.remote-upgrade.target","deploy:remote:upgrade:ahp"
"cadsr-cadsrdb.override.remote.properties","ssh.server.username=hudsonuser,ssh.server.hostname=cbvapp-c1006.nci.nih.gov,ssh.port=22,ssh.key.file=/usr/local/hudsonuser/ssh-pub-key/id_dsa_bda,ssh.dir.temp=/usr/local/hudsonuser/buildcertification/build/working/remote-deploy"
"cadsr-cadsrdb.single-command.package.upgrader.target","dist:upgrader"
"cadsr-cadsrdb.override.properties",""
"cadsr.database.type","oracle"
"cadsr.svn.username","narram"
"cadsr.svn.project.url","http://gforge.nci.nih.gov/svnroot/cadsr/trunk"
"cadsr.svn.local.checkout","working/bda_certification"
"cadsr.master.build.location","${cadsr.svn.local.checkout}/software/build"
"cadsr.master.install.location","working/installer"
"cadsr.single-command.build.target","build:all"
"cadsr.single-command.package.target","dist:installer:prep"
"cadsr.database.integration.target","install:database"
"cadsr.master.build.file","build.xml"
"cadsr.exploded.dir.location","${cadsr.svn.local.checkout}/software/target/dist/exploded"
"cadsr.svn.private.url","https://ncisvn.nci.nih.gov/svn/scm-props/trunk/dev/cadsr"
"cadsr.local.private.checkout","working/scm_private"
"cadsr.ci-server.url",""
"cadsr.ci-server.jobname",""
"cadsr.single-command.deployment.target","install"
"cadsr.single-command.distribution.target","dist"
"cadsr.install.init.target","common:init"
"cadsr.use.genericDB","false"
"cadsr.remote-upgrade.target","deploy:remote:upgrade:ahp"
"cadsr.override.remote.properties","ssh.server.username=hudsonuser,ssh.server.hostname=cbvapp-c1006.nci.nih.gov,ssh.port=22,ssh.key.file=/usr/local/hudsonuser/ssh-pub-key/id_dsa_bda,ssh.dir.temp=/usr/local/hudsonuser/buildcertification/build/working/remote-deploy"
"cadsr.single-command.package.upgrader.target","dist:upgrader"
"cadsr.override.properties",""
"camod.database.type","oracle"
"camod.svn.username","narram"
"camod.svn.project.url","https://ncisvn.nci.nih.gov/svn/camod/trunk"
"camod.svn.local.checkout","working/bda_certification"
"camod.master.build.location","${camod.svn.local.checkout}/software/build"
"camod.master.install.location","working/installer"
"camod.single-command.build.target","build:all"
"camod.single-command.package.target","dist:installer:prep"
"camod.database.integration.target","install:database"
"camod.master.build.file","build.xml"
"camod.exploded.dir.location","${camod.svn.local.checkout}/software/target/dist/exploded"
"camod.svn.private.url","https://ncisvn.nci.nih.gov/svn/scm-props/trunk/dev/caMOD"
"camod.local.private.checkout","working/scm_private"
"camod.ci-server.url","http://ncias-c261-v.nci.nih.gov:48080"
"camod.ci-server.jobname","camod_upgrade"
"camod.single-command.deployment.target","install"
"camod.single-command.distribution.target","dist"
"camod.install.init.target","common:init"
"camod.use.genericDB","false"
"camod.remote-upgrade.target","deploy:remote:upgrade"
"camod.override.remote.properties","ssh.server.username=hudsonuser,ssh.server.hostname=cbvapp-c1006.nci.nih.gov,ssh.port=22,ssh.key.file=/usr/local/hudsonuser/ssh-pub-key/id_dsa_bda,ssh.dir.temp=/usr/local/hudsonuser/buildcertification/build/working/remote-deploy"
"camod.single-command.package.upgrader.target","dist:upgrader"
"camod.override.properties",""
"evstree.database.type","oracle"
"evstree.svn.username","narram"
"evstree.svn.project.url","https://ncisvn.nci.nih.gov/svn/evstree/trunk"
"evstree.svn.local.checkout","working/bda_certification"
"evstree.master.build.location","${evstree.svn.local.checkout}/software/build"
"evstree.master.install.location","working/installer"
"evstree.single-command.build.target","build:all"
"evstree.single-command.package.target","dist:installer:prep"
"evstree.database.integration.target","install:database"
"evstree.master.build.file","build.xml"
"evstree.exploded.dir.location","${evstree.svn.local.checkout}/software/target/dist/exploded"
"evstree.svn.private.url","https://ncisvn.nci.nih.gov/svn/scm-props/trunk/dev/evstree"
"evstree.local.private.checkout","working/scm_private"
"evstree.ci-server.url","http://ncias-c261-v.nci.nih.gov:48080"
"evstree.ci-server.jobname","evstree"
"evstree.single-command.deployment.target","install"
"evstree.single-command.distribution.target","dist"
"evstree.install.init.target","common:init"
"evstree.use.genericDB","false"
"evstree.remote-upgrade.target","deploy:remote:upgrade"
"evstree.override.remote.properties","ssh.server.username=hudsonuser,ssh.server.hostname=cbvapp-c1006.nci.nih.gov,ssh.port=22,ssh.key.file=/usr/local/hudsonuser/ssh-pub-key/id_dsa_bda,ssh.dir.temp=/usr/local/hudsonuser/buildcertification/build/working/remote-deploy"
"evstree.single-command.package.upgrader.target","dist:upgrader"
"evstree.override.properties",""
"catissue.database.type","mysql"
"catissue.svn.username","narram"
"catissue.svn.project.url","https://ncisvn.nci.nih.gov/svn/catissue/branches/caTISSUE_SUITE_MAIN_BRANCH_07_Sep_09/catissuecore"
"catissue.svn.local.checkout","working/bda_certification"
"catissue.master.build.location","${catissue.svn.local.checkout}/software/build"
"catissue.master.install.location","working/installer"
"catissue.single-command.build.target","build:all"
"catissue.single-command.package.target","dist:installer:prep"
"catissue.database.integration.target","install:database"
"catissue.master.build.file","build.xml"
"catissue.exploded.dir.location","${catissue.svn.local.checkout}/software/target/dist/exploded"
"catissue.svn.private.url","http://gforge.nci.nih.gov/svnroot/scm-private/trunk/projects/catissue/properties"
"catissue.local.private.checkout","working/scm_private"
"catissue.ci-server.url",""
"catissue.ci-server.jobname",""
"catissue.single-command.deployment.target","install"
"catissue.single-command.distribution.target","dist"
"catissue.install.init.target","install:init"
"catissue.remote-upgrade.target","deploy:remote:upgrade"
"catissue.override.remote.properties","ssh.server.username=hudsonuser,ssh.server.hostname=cbvapp-c1006.nci.nih.gov,ssh.port=22,ssh.key.file=/usr/local/hudsonuser/ssh-pub-key/id_dsa_bda,ssh.dir.temp=/usr/local/hudsonuser/buildcertification/build/working/remote-deploy"
"catissue.single-command.package.upgrader.target","dist:upgrader"
"catissue.override.properties",""
"cab2b.database.type","mysql"
"cab2b.svn.username","narram"
"cab2b.svn.project.url","https://ncisvn.nci.nih.gov/svn/cab2b/trunk"
"cab2b.svn.local.checkout","working/bda_certification"
"cab2b.master.build.location","${cab2b.svn.local.checkout}/software/build"
"cab2b.master.install.location","working/installer"
"cab2b.single-command.build.target","build:all"
"cab2b.single-command.package.target","dist:installer:prep"
"cab2b.database.integration.target","install:database"
"cab2b.master.build.file","build.xml"
"cab2b.exploded.dir.location","${cab2b.svn.local.checkout}/software/target/dist/exploded"
"cab2b.svn.private.url","http://gforge.nci.nih.gov/svnroot/scm-private/trunk/projects/cab2b/properties"
"cab2b.local.private.checkout","working/scm_private"
"cab2b.ci-server.url",""
"cab2b.ci-server.jobname",""
"cab2b.single-command.deployment.target","install"
"cab2b.single-command.distribution.target","dist"
"cab2b.install.init.target","install:init"
"cab2b.remote-upgrade.target","deploy:remote:upgrade"
"cab2b.override.remote.properties","ssh.server.username=hudsonuser,ssh.server.hostname=cbvapp-c1006.nci.nih.gov,ssh.port=22,ssh.key.file=/usr/local/hudsonuser/ssh-pub-key/id_dsa_bda,ssh.dir.temp=/usr/local/hudsonuser/buildcertification/build/working/remote-deploy"
"cab2b.single-command.package.upgrader.target","dist:upgrader"
"cab2b.override.properties",""
"cagrid.database.type","mysql"
"cagrid.svn.username","narram"
"cagrid.svn.project.url","http://gforge.nci.nih.gov/svnroot/cagrid/trunk"
"cagrid.svn.local.checkout","working/bda_certification"
"cagrid.master.build.location","${cagrid.svn.local.checkout}/software/build"
"cagrid.master.install.location","working/installer"
"cagrid.single-command.build.target","build:all"
"cagrid.single-command.package.target","dist:installer:prep"
"cagrid.database.integration.target","install:database"
"cagrid.master.build.file","build.xml"
"cagrid.exploded.dir.location","${cagrid.svn.local.checkout}/software/target/dist/exploded"
"cagrid.svn.private.url","http://gforge.nci.nih.gov/svnroot/scm-private/trunk/projects/cagrid/properties"
"cagrid.local.private.checkout","working/scm_private"
"cagrid.ci-server.url",""
"cagrid.ci-server.jobname",""
"cagrid.single-command.deployment.target","install"
"cagrid.single-command.distribution.target","dist"
"cagrid.install.init.target","install:init"
"cagrid.remote-upgrade.target","deploy:remote:upgrade"
"cagrid.override.remote.properties","ssh.server.username=hudsonuser,ssh.server.hostname=cbvapp-c1006.nci.nih.gov,ssh.port=22,ssh.key.file=/usr/local/hudsonuser/ssh-pub-key/id_dsa_bda,ssh.dir.temp=/usr/local/hudsonuser/buildcertification/build/working/remote-deploy"
"cagrid.single-command.package.upgrader.target","dist:upgrader"
"cagrid.override.properties",""
"ncit.database.type","mysql"
"ncit.svn.username","narram"
"ncit.svn.project.url","http://gforge.nci.nih.gov/svnroot/ncit/trunk"
"ncit.svn.local.checkout","working/bda_certification"
"ncit.master.build.location","${ncit.svn.local.checkout}/software/build"
"ncit.master.install.location","working/installer"
"ncit.single-command.build.target","build:all"
"ncit.single-command.package.target","dist:installer:prep"
"ncit.database.integration.target","install:database"
"ncit.master.build.file","build.xml"
"ncit.exploded.dir.location","${ncit.svn.local.checkout}/software/target/dist/exploded"
"ncit.svn.private.url","http://gforge.nci.nih.gov/svnroot/scm-private/trunk/projects/ncit/properties"
"ncit.local.private.checkout","working/scm_private"
"ncit.ci-server.url","http://ncias-c171-v.nci.nih.gov:48080"
"ncit.ci-server.jobname","ncitbrowser-nightly"
"ncit.single-command.deployment.target","install"
"ncit.single-command.distribution.target","dist"
"ncit.install.init.target","common:init"
"ncit.build:database-integration.macro.list","database-install"
"ncit.optional.features","build:check-commandline-installer,build:database-integration"
"ncit.remote-upgrade.target","deploy:remote:upgrade"
"ncit.override.remote.properties","ssh.server.username=hudsonuser,ssh.server.hostname=cbvapp-c1006.nci.nih.gov,ssh.port=22,ssh.key.file=/usr/local/hudsonuser/ssh-pub-key/id_dsa_bda,ssh.dir.temp=/usr/local/hudsonuser/buildcertification/build/working/remote-deploy"
"ncit.single-command.package.upgrader.target","dist:upgrader"
"ncit.override.properties",""
"reportwriter.database.type","mysql"
"reportwriter.svn.username","narram"
"reportwriter.svn.project.url","http://gforge.nci.nih.gov/svnroot/reportwriter/trunk"
"reportwriter.svn.local.checkout","working/bda_certification"
"reportwriter.master.build.location","${reportwriter.svn.local.checkout}/software/build"
"reportwriter.master.install.location","working/installer"
"reportwriter.single-command.build.target","build:all"
"reportwriter.single-command.package.target","dist:installer:prep"
"reportwriter.database.integration.target","install:database"
"reportwriter.master.build.file","build.xml"
"reportwriter.exploded.dir.location","${reportwriter.svn.local.checkout}/software/target/dist/exploded"
"reportwriter.svn.private.url","http://gforge.nci.nih.gov/svnroot/scm-private/trunk/projects/reportwriter/properties"
"reportwriter.local.private.checkout","working/scm_private"
"reportwriter.ci-server.url","http://ncias-c171-v.nci.nih.gov:48080"
"reportwriter.ci-server.jobname","reportwriter"
"reportwriter.single-command.deployment.target","install"
"reportwriter.single-command.distribution.target","dist"
"reportwriter.install.init.target","common:init"
"reportwriter.optional.features","build:check-commandline-installer"
"reportwriter.remote-upgrade.target","deploy:remote:upgrade"
"reportwriter.override.remote.properties","ssh.server.username=hudsonuser,ssh.server.hostname=cbvapp-c1006.nci.nih.gov,ssh.port=22,ssh.key.file=/usr/local/hudsonuser/ssh-pub-key/id_dsa_bda,ssh.dir.temp=/usr/local/hudsonuser/buildcertification/build/working/remote-deploy"
"reportwriter.single-command.package.upgrader.target","dist:upgrader"
"reportwriter.override.properties",""
"genepattern.database.type","mysql"
"genepattern.svn.username","narram"
"genepattern.svn.project.url","http://gforge.nci.nih.gov/svnroot/genepattern/trunk/wrong"
"genepattern.svn.local.checkout","working/bda_certification"
"genepattern.master.build.location","${genepattern.svn.local.checkout}/software/build"
"genepattern.master.install.location","working/installer"
"genepattern.single-command.build.target","build:all"
"genepattern.single-command.package.target","dist:installer:prep"
"genepattern.database.integration.target","install:database"
"genepattern.master.build.file","build.xml"
"genepattern.exploded.dir.location","${genepattern.svn.local.checkout}/software/target/dist/exploded"
"genepattern.svn.private.url","http://gforge.nci.nih.gov/svnroot/scm-private/trunk/projects/genepattern/properties"
"genepattern.local.private.checkout","working/scm_private"
"genepattern.ci-server.url",""
"genepattern.ci-server.jobname",""
"genepattern.single-command.deployment.target","install"
"genepattern.single-command.distribution.target","dist"
"genepattern.install.init.target","install:init"
"genepattern.remote-upgrade.target","deploy:remote:upgrade"
"genepattern.override.remote.properties","ssh.server.username=hudsonuser,ssh.server.hostname=cbvapp-c1006.nci.nih.gov,ssh.port=22,ssh.key.file=/usr/local/hudsonuser/ssh-pub-key/id_dsa_bda,ssh.dir.temp=/usr/local/hudsonuser/buildcertification/build/working/remote-deploy"
"genepattern.single-command.package.upgrader.target","dist:upgrader"
"genepattern.override.properties",""
"ctods.database.type","mysql"
"ctods.svn.username","narram"
"ctods.svn.project.url","http://gforge.nci.nih.gov/svnroot/cactus/ctods"
"ctods.svn.local.checkout","working/bda_certification"
"ctods.master.build.location","${ctods.svn.local.checkout}/software/build"
"ctods.master.install.location","working/installer"
"ctods.single-command.build.target","build:all"
"ctods.single-command.package.target","dist:installer:prep"
"ctods.database.integration.target","install:database"
"ctods.master.build.file","build.xml"
"ctods.exploded.dir.location","${ctods.svn.local.checkout}/software/target/dist/exploded"
"ctods.svn.private.url","http://gforge.nci.nih.gov/svnroot/scm-private/trunk/projects/ctods/properties"
"ctods.local.private.checkout","working/scm_private"
"ctods.ci-server.url",""
"ctods.ci-server.jobname",""
"ctods.single-command.deployment.target","install"
"ctods.single-command.distribution.target","dist"
"ctods.install.init.target","install:init"
"ctods.remote-upgrade.target","deploy:remote:upgrade"
"ctods.override.remote.properties","ssh.server.username=hudsonuser,ssh.server.hostname=cbvapp-c1006.nci.nih.gov,ssh.port=22,ssh.key.file=/usr/local/hudsonuser/ssh-pub-key/id_dsa_bda,ssh.dir.temp=/usr/local/hudsonuser/buildcertification/build/working/remote-deploy"
"ctods.single-command.package.upgrader.target","dist:upgrader"
"ctods.override.properties",""
"ccts-c3pr.database.type","mysql"
"ccts-c3pr.svn.username","narram"
"ccts-c3pr.svn.project.url","https://ncisvn.nci.nih.gov/svn/c3pr/trunk/c3prv2/codebase"
"ccts-c3pr.svn.local.checkout","working/bda_certification"
"ccts-c3pr.master.build.location","${ccts-c3pr.svn.local.checkout}/build"
"ccts-c3pr.master.install.location","working/installer"
"ccts-c3pr.single-command.build.target","build:all"
"ccts-c3pr.single-command.package.target","dist:installer:prep"
"ccts-c3pr.database.integration.target","install:database"
"ccts-c3pr.master.build.file","build.xml"
"ccts-c3pr.exploded.dir.location","${ccts-c3pr.svn.local.checkout}/target/dist/exploded"
"ccts-c3pr.svn.private.url","http://gforge.nci.nih.gov/svnroot/scm-private/trunk/c3pr/properties"
"ccts-c3pr.local.private.checkout","working/scm_private"
"ccts-c3pr.ci-server.url","http://ncias-d228-v.nci.nih.gov:48080"
"ccts-c3pr.ci-server.jobname","C3PR-PostgresSQL"
"ccts-c3pr.single-command.deployment.target","install"
"ccts-c3pr.single-command.distribution.target","dist"
"ccts-c3pr.install.init.target","common:init"
"ccts-c3pr.remote-upgrade.target","deploy:remote:upgrade"
"ccts-c3pr.override.remote.properties","ssh.server.username=hudsonuser,ssh.server.hostname=cbvapp-c1006.nci.nih.gov,ssh.port=22,ssh.key.file=/usr/local/hudsonuser/ssh-pub-key/id_dsa_bda,ssh.dir.temp=/usr/local/hudsonuser/buildcertification/build/working/remote-deploy"
"ccts-c3pr.single-command.package.upgrader.target","dist:upgrader"
"ccts-c3pr.override.properties",""
"ccts-caaers.database.type","mysql"
"ccts-caaers.svn.username","narram"
"ccts-caaers.svn.project.url","https://ncisvn.nci.nih.gov/svn/caaersappdev/trunk/caAERS"
"ccts-caaers.svn.local.checkout","working/bda_certification"
"ccts-caaers.master.build.location","${ccts-caaers.svn.local.checkout}/software/build"
"ccts-caaers.master.install.location","working/installer"
"ccts-caaers.single-command.build.target","build:all"
"ccts-caaers.single-command.package.target","dist:installer:prep"
"ccts-caaers.database.integration.target","install:database"
"ccts-caaers.master.build.file","build.xml"
"ccts-caaers.exploded.dir.location","${ccts-caaers.svn.local.checkout}/software/target/dist/exploded"
"ccts-caaers.svn.private.url","https://ncisvn.nci.nih.gov/svn/scm-props/trunk/dev/ccts-suite"
"ccts-caaers.local.private.checkout","working/scm_private"
"ccts-caaers.ci-server.url","http://ncias-d228-v.nci.nih.gov:48080"
"ccts-caaers.ci-server.jobname","caAERS-PostgresSQL"
"ccts-caaers.single-command.deployment.target","install"
"ccts-caaers.single-command.distribution.target","dist"
"ccts-caaers.install.init.target","common:init"
"ccts-caaers.override.properties","tomcat.hostname=localhost"
"ccts-caaers.remote-upgrade.target","deploy:remote:upgrade"
"ccts-caaers.override.remote.properties","ssh.server.username=hudsonuser,ssh.server.hostname=cbvapp-c1006.nci.nih.gov,ssh.port=22,ssh.key.file=/usr/local/hudsonuser/ssh-pub-key/id_dsa_bda,ssh.dir.temp=/usr/local/hudsonuser/buildcertification/build/working/remote-deploy"
"ccts-caaers.single-command.package.upgrader.target","dist:upgrader"
"ccts-caXchange.database.type","mysql"
"ccts-caXchange.svn.username","narram"
"ccts-caXchange.svn.project.url","https://ncisvn.nci.nih.gov/svn/cabigintegrationhub/trunk"
"ccts-caXchange.svn.local.checkout","working/bda_certification"
"ccts-caXchange.master.build.location","${ccts-caXchange.svn.local.checkout}/software/build"
"ccts-caXchange.master.install.location","working/installer"
"ccts-caXchange.single-command.build.target","build:all"
"ccts-caXchange.single-command.package.target","dist:installer:prep"
"ccts-caXchange.database.integration.target","install:database"
"ccts-caXchange.master.build.file","build.xml"
"ccts-caXchange.exploded.dir.location","${ccts-caXchange.svn.local.checkout}/software/target/dist/exploded"
"ccts-caXchange.svn.private.url","http://gforge.nci.nih.gov/svnroot/scm-private/trunk/caxchange/properties"
"ccts-caXchange.local.private.checkout","working/scm_private"
"ccts-caXchange.ci-server.url","http://ncias-d228-v.nci.nih.gov:48080"
"ccts-caXchange.ci-server.jobname","caBIGIntegrationHub"
"ccts-caXchange.single-command.deployment.target","install"
"ccts-caXchange.single-command.distribution.target","dist"
"ccts-caXchange.install.init.target","install:init"
"ccts-caXchange.remote-upgrade.target","deploy:remote:upgrade"
"ccts-caXchange.override.remote.properties","ssh.server.username=hudsonuser,ssh.server.hostname=cbvapp-c1006.nci.nih.gov,ssh.port=22,ssh.key.file=/usr/local/hudsonuser/ssh-pub-key/id_dsa_bda,ssh.dir.temp=/usr/local/hudsonuser/buildcertification/build/working/remote-deploy"
"ccts-caXchange.single-command.package.upgrader.target","dist:upgrader"
"ccts-caXchange.override.properties",""
"ccts-labviewer.database.type","postgresql"
"ccts-labviewer.svn.username","narram"
"ccts-labviewer.svn.project.url","https://ncisvn.nci.nih.gov/svn/ctodslabviewer/trunk"
"ccts-labviewer.svn.local.checkout","working/bda_certification"
"ccts-labviewer.master.build.location","${ccts-labviewer.svn.local.checkout}/Code/build"
"ccts-labviewer.master.install.location","working/installer"
"ccts-labviewer.single-command.build.target","build:all"
"ccts-labviewer.single-command.package.target","dist:installer:prep"
"ccts-labviewer.database.integration.target","install:database"
"ccts-labviewer.master.build.file","build.xml"
"ccts-labviewer.exploded.dir.location","${ccts-labviewer.svn.local.checkout}/Code/target/dist/exploded"
"ccts-labviewer.svn.private.url","https://ncisvn.nci.nih.gov/svn/scm-props/trunk/dev/ccts-suite"
"ccts-labviewer.local.private.checkout","working/scm_private"
"ccts-labviewer.ci-server.url","http://ncias-d228-v.nci.nih.gov:48080"
"ccts-labviewer.ci-server.jobname","LabViewer"
"ccts-labviewer.single-command.deployment.target","install"
"ccts-labviewer.single-command.distribution.target","dist"
"ccts-labviewer.install.init.target","install:init"
"ccts-labviewer.override.properties","application.base.path.linux=/usr/local/hudsonuser/apps/labviewer,exclude.tomcat.backup=true,tomcat.grid.secure.enable=false"
"ccts-labviewer.optional.features","build:check-commandline-installer"
"ccts-labviewer.remote-upgrade.target","deploy:remote:upgrade"
"ccts-labviewer.override.remote.properties","ssh.server.username=hudsonuser,ssh.server.hostname=cbvapp-c1006.nci.nih.gov,ssh.port=22,ssh.key.file=/usr/local/hudsonuser/ssh-pub-key/id_dsa_bda,ssh.dir.temp=/usr/local/hudsonuser/buildcertification/build/working/remote-deploy"
"ccts-labviewer.single-command.package.upgrader.target","dist:upgrader"
"ccts-psc.database.type","postgresql"
"ccts-psc.svn.username","narram"
"ccts-psc.svn.project.url","https://ncisvn.nci.nih.gov/svn/psc/trunk"
"ccts-psc.svn.local.checkout","working/bda_certification"
"ccts-psc.master.build.location","${ccts-psc.svn.local.checkout}/build"
"ccts-psc.master.install.location","working/installer"
"ccts-psc.single-command.build.target","build:all"
"ccts-psc.single-command.package.target","dist:installer:prep"
"ccts-psc.database.integration.target","install:database"
"ccts-psc.master.build.file","build.xml"
"ccts-psc.exploded.dir.location","${ccts-psc.svn.local.checkout}/target/dist/exploded"
"ccts-psc.svn.private.url","http://gforge.nci.nih.gov/svn/scm-private/trunk/psc"
"ccts-psc.local.private.checkout","working/scm_private"
"ccts-psc.ci-server.url","https://ctms-ci.nubic.northwestern.edu"
"ccts-psc.ci-server.jobname","PSC%20stable%20matrix"
"ccts-psc.single-command.deployment.target","install"
"ccts-psc.single-command.distribution.target","dist"
"ccts-psc.install.init.target","install:init"
"ccts-psc.remote-upgrade.target","deploy:remote:upgrade"
"ccts-psc.override.remote.properties","ssh.server.username=hudsonuser,ssh.server.hostname=cbvapp-c1006.nci.nih.gov,ssh.port=22,ssh.key.file=/usr/local/hudsonuser/ssh-pub-key/id_dsa_bda,ssh.dir.temp=/usr/local/hudsonuser/buildcertification/build/working/remote-deploy"
"ccts-psc.single-command.package.upgrader.target","dist:upgrader"
"ccts-psc.override.properties",""
"ccts-clinicalconnector.database.type","oracle"
"ccts-clinicalconnector.svn.username","narram"
"ccts-clinicalconnector.svn.project.url","https://ncisvn.nci.nih.gov/svn/c3dtools/trunk/clinicalConnector"
"ccts-clinicalconnector.svn.local.checkout","working/bda_certification"
"ccts-clinicalconnector.master.build.location","${ccts-clinicalconnector.svn.local.checkout}/software/build"
"ccts-clinicalconnector.master.install.location","working/installer"
"ccts-clinicalconnector.single-command.build.target","build:all"
"ccts-clinicalconnector.single-command.package.target","dist:installer:prep"
"ccts-clinicalconnector.database.integration.target","install:database"
"ccts-clinicalconnector.master.build.file","build.xml"
"ccts-clinicalconnector.exploded.dir.location","${ccts-clinicalconnector.svn.local.checkout}/software/target/dist/exploded"
"ccts-clinicalconnector.svn.private.url","http://gforge.nci.nih.gov/svn/scm-private/trunk/psc"
"ccts-clinicalconnector.local.private.checkout","working/scm_private"
"ccts-clinicalconnector.ci-server.url",""
"ccts-clinicalconnector.ci-server.jobname",""
"ccts-clinicalconnector.single-command.deployment.target","install"
"ccts-clinicalconnector.single-command.distribution.target","dist"
"ccts-clinicalconnector.install.init.target","common:init"
"ccts-clinicalconnector.use.genericDB","false"
"ccts-clinicalconnector.remote-upgrade.target","deploy:remote:upgrade"
"ccts-clinicalconnector.override.remote.properties","ssh.server.username=hudsonuser,ssh.server.hostname=cbvapp-c1006.nci.nih.gov,ssh.port=22,ssh.key.file=/usr/local/hudsonuser/ssh-pub-key/id_dsa_bda,ssh.dir.temp=/usr/local/hudsonuser/buildcertification/build/working/remote-deploy"
"ccts-clinicalconnector.override.properties","database.type=oracle,tomcat.grid.secure.enable=false"
"ccts-clinicalconnector.single-command.package.upgrader.target","dist:upgrader"
"cacoresdk.database.type","mysql"
"cacoresdk.svn.username","narram"
"cacoresdk.svn.project.url","http://gforge.nci.nih.gov/svnroot/cacoresdk/trunk"
"cacoresdk.svn.local.checkout","working/bda_certification"
"cacoresdk.master.build.location","${cacoresdk.svn.local.checkout}/sdk-toolkit/example-project/build"
"cacoresdk.master.install.location","working/installer"
"cacoresdk.single-command.build.target","build:SDK"
"cacoresdk.single-command.package.target","dist:installer:prep"
"cacoresdk.database.integration.target","install:database"
"cacoresdk.master.build.file","build.xml"
"cacoresdk.exploded.dir.location","${cacoresdk.svn.local.checkout}/sdk-toolkit/example-project/target/dist/exploded"
"cacoresdk.svn.private.url","http://gforge.nci.nih.gov/svnroot/scm-private/trunk/projects/cacoresdk/properties"
"cacoresdk.local.private.checkout","working/scm_private"
"cacoresdk.ci-server.url","http://ncias-c124-v.nci.nih.gov:48080"
"cacoresdk.ci-server.jobname","sdk-package-modules"
"cacoresdk.single-command.deployment.target","install"
"cacoresdk.single-command.distribution.target","dist"
"cacoresdk.install.init.target","common:init"
"cacoresdk.remote-upgrade.target","install"
"cacoresdk.override.remote.properties","ssh.server.username=hudsonuser,ssh.server.hostname=cbvapp-c1006.nci.nih.gov,ssh.port=22,ssh.key.file=/usr/local/hudsonuser/ssh-pub-key/id_dsa_bda,ssh.dir.temp=/usr/local/hudsonuser/buildcertification/build/working/remote-deploy,INSTALL_CONTAINER=false"
"cacoresdk.override.properties","application.base.path.linux=/usr/local/hudsonuser/apps/cacoresdk-app,jboss.server.hostname=localhost,properties.file=install.properties,DB_TYPE=mysql,DB_SERVER=localhost,DB_SERVER_PORT=3306,DB_NAME=genericdb,DB_USERNAME=genericuser,DB_PASSWORD=password,exclude.jboss.backup=true"
"cacoresdk.single-command.package.upgrader.target","dist:upgrader"
"cacoresdk.bdautils.build.location","${cacoresdk.svn.local.checkout}/sdk-toolkit/software/build"
"cacoresdk.optional.features","build:remote-upgrade,build:private-repository-properties"
"cacoresdk.exclude.obfuscate.properties","true"
"workbench.database.type","mysql"
"workbench.svn.username","narram"
"workbench.svn.project.url","http://gforge.nci.nih.gov/svnroot/cacoresdk/trunk"
"workbench.svn.local.checkout","working/bda_certification"
"workbench.master.build.location","${workbench.svn.local.checkout}/sdk-workbench/workbench-webstart-project/software/build"
"workbench.master.install.location","working/installer"
"workbench.single-command.build.target","build:all"
"workbench.single-command.package.target","dist:installer:prep"
"workbench.database.integration.target","install:database"
"workbench.master.build.file","build.xml"
"workbench.exploded.dir.location","${workbench.svn.local.checkout}/sdk-workbench/workbench-webstart-project/software/target/dist/exploded"
"workbench.svn.private.url","http://gforge.nci.nih.gov/svnroot/scm-private/trunk/sdk-workbench/properties"
"workbench.local.private.checkout","working/scm_private"
"workbench.ci-server.url","http://ncias-c125-v.nci.nih.gov:48080"
"workbench.ci-server.jobname","workbench"
"workbench.single-command.deployment.target","install"
"workbench.single-command.distribution.target","dist"
"workbench.install.init.target","common:init"
"workbench.remote-upgrade.target","deploy:remote:upgrade:ahp"
"workbench.single-command.package.upgrader.target","dist:upgrader"
"workbench.exclude.obfuscate.properties","true"
"workbench.override.remote.properties","ssh.server.username=hudsonuser,ssh.server.hostname=cbvapp-c1006.nci.nih.gov,ssh.port=22,ssh.key.file=/usr/local/hudsonuser/ssh-pub-key/id_dsa_bda,ssh.dir.temp=/usr/local/hudsonuser/buildcertification/build/working/remote-deploy,application.base.path.linux=/usr/local/hudsonuser/apps/workbench-app"
"workbench.override.properties","application.base.path.linux=/usr/local/hudsonuser/apps/workbench-app"
"pro-ctcae.database.type","mysql"
"pro-ctcae.svn.username","narram"
"pro-ctcae.svn.project.url","http://gforge.nci.nih.gov/svnroot/pro-ctcae/trunk"
"pro-ctcae.svn.local.checkout","working/bda_certification"
"pro-ctcae.master.build.location","${pro-ctcae.svn.local.checkout}/software/build"
"pro-ctcae.master.install.location","working/installer"
"pro-ctcae.single-command.build.target","build:all"
"pro-ctcae.single-command.package.target","dist:installer:prep"
"pro-ctcae.database.integration.target","install:database"
"pro-ctcae.master.build.file","build.xml"
"pro-ctcae.exploded.dir.location","${pro-ctcae.svn.local.checkout}/software/target/dist/exploded"
"pro-ctcae.svn.private.url","http://gforge.nci.nih.gov/svnroot/scm-private/trunk/projects/pro-ctcae/properties"
"pro-ctcae.local.private.checkout","working/scm_private"
"pro-ctcae.ci-server.url",""
"pro-ctcae.ci-server.jobname",""
"pro-ctcae.single-command.deployment.target","install"
"pro-ctcae.single-command.distribution.target","dist"
"pro-ctcae.install.init.target","install:init"
"pro-ctcae.remote-upgrade.target","deploy:remote:upgrade"
"pro-ctcae.override.remote.properties","ssh.server.username=hudsonuser,ssh.server.hostname=cbvapp-c1006.nci.nih.gov,ssh.port=22,ssh.key.file=/usr/local/hudsonuser/ssh-pub-key/id_dsa_bda,ssh.dir.temp=/usr/local/hudsonuser/buildcertification/build/working/remote-deploy"
"pro-ctcae.single-command.package.upgrader.target","dist:upgrader"
"caAdapter.database.type","mysql"
"caAdapter.svn.username","narram"
"caAdapter.svn.project.url","https://ncisvn.nci.nih.gov/svn/caadapter/trunk"
"caAdapter.svn.local.checkout","working/bda_certification"
"caAdapter.master.build.location","${caAdapter.svn.local.checkout}/software/build"
"caAdapter.master.install.location","working/installer"
"caAdapter.single-command.build.target","build:all"
"caAdapter.single-command.package.target","dist:installer:prep"
"caAdapter.database.integration.target","install:database"
"caAdapter.master.build.file","build.xml"
"caAdapter.exploded.dir.location","${caAdapter.svn.local.checkout}/software/target/dist/exploded"
"caAdapter.svn.private.url","http://gforge.nci.nih.gov/svnroot/scm-private/trunk/projects/caAdapter/properties"
"caAdapter.local.private.checkout","working/scm_private"
"caAdapter.ci-server.url","http://ncias-d341-v.nci.nih.gov:48080"
"caAdapter.ci-server.jobname","caadapter-mms"
"caAdapter.single-command.deployment.target","install"
"caAdapter.single-command.distribution.target","dist"
"caAdapter.install.init.target","common:init"
"caAdapter.remote-upgrade.target","deploy:remote:upgrade:ahp"
"caAdapter.override.remote.properties","ssh.server.username=hudsonuser,ssh.server.hostname=cbvapp-c1006.nci.nih.gov,ssh.port=22,ssh.key.file=/usr/local/hudsonuser/ssh-pub-key/id_dsa_bda,ssh.dir.temp=/usr/local/hudsonuser/buildcertification/build/working/remote-deploy"
"caAdapter.optional.features","build:private-repository-properties"
"caAdapter.single-command.package.upgrader.target","dist:upgrader"
"caAdapter.override.properties",""
"caEHR-ESD.database.type","postgresql"
"caEHR-ESD.svn.username","narram"
"caEHR-ESD.svn.project.url","http://caehrorg.jira.com/svn/ESD/trunk"
"caEHR-ESD.svn.local.checkout","working/bda_certification"
"caEHR-ESD.master.build.location","${caEHR-ESD.svn.local.checkout}/software/build"
"caEHR-ESD.master.install.location","working/installer"
"caEHR-ESD.single-command.build.target","build:all"
"caEHR-ESD.single-command.package.target","dist:installer:prep"
"caEHR-ESD.database.integration.target","install:database"
"caEHR-ESD.master.build.file","build.xml"
"caEHR-ESD.exploded.dir.location","${caEHR-ESD.svn.local.checkout}/software/target/dist/exploded"
"caEHR-ESD.svn.private.url","http://gforge.nci.nih.gov/svnroot/scm-private/trunk/projects/ESD/properties"
"caEHR-ESD.local.private.checkout","working/scm_private"
"caEHR-ESD.ci-server.url","http://ci.caehr.net:48080"
"caEHR-ESD.ci-server.jobname","ESD_Full_Deploy"
"caEHR-ESD.single-command.deployment.target","install"
"caEHR-ESD.single-command.distribution.target","dist"
"caEHR-ESD.install.init.target","common:init"
"caEHR-ESD.remote-upgrade.target","deploy:remote:upgrade:ahp"
"caEHR-ESD.override.remote.properties","ssh.server.username=hudsonuser,ssh.server.hostname=cbvapp-c1006.nci.nih.gov,ssh.port=22,ssh.key.file=/usr/local/hudsonuser/ssh-pub-key/id_dsa_bda,ssh.dir.temp=/usr/local/hudsonuser/buildcertification/build/working/remote-deploy,application.base.path=/usr/local/hudsonuser/apps/caehr-esd-war-webapp,bash_profile=.bash_profile16"
"caEHR-ESD.single-command.package.upgrader.target","dist:upgrader"
"caEHR-ESD.override.properties","application.base.path=/usr/local/hudsonuser/apps/caehr-esd-war-webapp"
"caEHR-ESD.build:database-integration.macro.list","database-install"
"caEHR-ESD.optional.features","build:database-integration,build:private-repository-properties"
"caEHR-ESD.java.major.version","1.6"
"caEHR-ESD.java.minor.version","1.6.0_14"
"objectcart.database.type","mysql"
"objectcart.svn.project.url","https://ncisvn.nci.nih.gov/svn/mdr/trunk/objectCart/objectCart"
"objectcart.master.build.location","${objectcart.svn.local.checkout}/software/build"
"objectcart.master.install.location","${objectcart.svn.local.checkout}/software/build"
"objectcart.single-command.build.target","build:all"
"objectcart.single-command.package.target","dist:installer:prep"
"objectcart.database.integration.target",""
"objectcart.master.build.file","build.xml"
"objectcart.svn.private.url","https://gforge.nci.nih.gov/projects/mdr/"
"objectcart.ci-server.url","http://ncias-c357-v:48080/hudson/"
"objectcart.ci-server.jobname","ObjectCart"
"objectcart.single-command.deployment.target","install"
"objectcart.single-command.distribution.target","dist"
"objectcart.install.init.target","common:init"
"objectcart.remote-upgrade.target","deploy:remote:upgrade:ahp"
"objectcart.single-command.package.upgrader.target","dist:upgrader"
"objectcart.build:database-integration.macro.list","database-install"
"objectcart.optional.features","build:private-repository-properties"
"objectcart.database.system.user","object_cart"
"objectcart.database.system.password","o3jC#490"
"objectcart.database.server","cbiodb590"
"objectcart.database.port","3644"
"objectcart.database.name","object_cart"
"objectcart.database.user","object_cart"
"objectcart.database.password","o3jC#490"
"objectcart.database.url","jdbc:mysql://${database.server}:${database.port}/${database.name}"